{
    "20x10-1": {
        "metadata": {
            "executionTime": 134.14239048957825,
            "hypervolume": 0.9233687468300233
        },
        "lexicographicPoints": {
            "infraMin": {
                "transp": 1374500000,
                "infra": 1998816.981558173
            },
            "infraMax": {
                "transp": 1180062000,
                "infra": 2505199.1211717036
            }
        },
        "paretoFront": {
            "x": [
                1180062000,
                1180434000,
                1181022000,
                1181022000,
                1181022000,
                1181022000,
                1181606000,
                1191189000,
                1194737000,
                1200612000,
                1217193000,
                1266367000,
                1267984000,
                1374500000
            ],
            "y": [
                2505199.1211717036,
                2446032.873563636,
                2223875.710275298,
                2183948.3286835626,
                2336405.074633867,
                2184506.3286835626,
                2165464.9665126135,
                2082421.532308544,
                2055081.6637374547,
                2050318.2706567855,
                2025687.6966913957,
                2024443.0986849326,
                2022704.8081157366,
                1998816.981558173
            ]
        }
    }
}