{
    "20x10-3": {
        "metadata": {
            "executionTime": 86.99975490570068,
            "hypervolume": 0.773496201715308
        },
        "lexicographicPoints": {
            "infraMin": {
                "transp": 1260880000,
                "infra": 2092546.4606777886
            },
            "infraMax": {
                "transp": 1128159000,
                "infra": 2929909.823477363
            }
        },
        "paretoFront": {
            "x": [
                1128159000,
                1132231000,
                1132231000,
                1135079000,
                1142801000,
                1145270000,
                1148633000,
                1148633000,
                1148633000,
                1155756000,
                1171020000,
                1186155000,
                1201443000,
                1208486000,
                1216278000,
                1228201000,
                1234979000,
                1260880000
            ],
            "y": [
                2929909.823477363,
                2729547.7304013832,
                2836869.4498329666,
                2642004.1295820596,
                2617521.0343230367,
                2542248.4614036656,
                2273609.935810578,
                2313164.935810578,
                2294513.935810578,
                2270006.2640430112,
                2247268.852768442,
                2244754.906391519,
                2207705.9602863365,
                2185586.8343221857,
                2149997.5252366727,
                2140468.707225944,
                2140026.067883053,
                2092546.4606777886
            ]
        }
    }
}