{
    "20x10-0": {
        "metadata": {
            "executionTime": 63.050055265426636,
            "hypervolume": 0.893857843077732
        },
        "lexicographicPoints": {
            "infraMin": {
                "transp": 1258278000,
                "infra": 2032895.1554808505
            },
            "infraMax": {
                "transp": 1097401000,
                "infra": 3206841.363643563
            }
        },
        "paretoFront": {
            "x": [
                1097401000,
                1098682000,
                1100524000,
                1103818000,
                1103818000,
                1107055000,
                1115015000,
                1116841000,
                1120603000,
                1120603000,
                1125411000,
                1150259000,
                1168038000,
                1185547000,
                1194242000,
                1221159000,
                1230996000,
                1258278000
            ],
            "y": [
                3206841.3636435964,
                3003374.6299149045,
                2945964.4284962933,
                2661413.017940422,
                2682037.017940422,
                2543528.4042740674,
                2469506.0515016667,
                2424210.5582017545,
                2163333.623054486,
                2164975.4512838265,
                2137645.9949096222,
                2098515.443239806,
                2073086.94553404,
                2037560.640728344,
                2035781.9738527765,
                2035254.3856486038,
                2035166.465803249,
                2032895.1554808505
            ]
        }
    }
}