{
    "20x10-5": {
        "metadata": {
            "executionTime": 131.6529450416565,
            "hypervolume": 0.8523303592402839
        },
        "lexicographicPoints": {
            "infraMin": {
                "transp": 1164985000,
                "infra": 1935907.5426336115
            },
            "infraMax": {
                "transp": 958709000,
                "infra": 3206926.1480365256
            }
        },
        "paretoFront": {
            "x": [
                958709000,
                959297000,
                962027000,
                962027000,
                981090000,
                984162000,
                996385000,
                996493000,
                998493000,
                1018628000,
                1019988000,
                1046719000,
                1064548000,
                1118500000,
                1141427000,
                1164985000
            ],
            "y": [
                3206926.148036558,
                2923913.0378445033,
                2625017.3370193318,
                2647321.3370193318,
                2550242.8666203767,
                2497827.0225230507,
                2359580.411101249,
                2140206.306472405,
                2126446.8416404026,
                2013015.9919761242,
                2005964.9314765518,
                2005340.7704226517,
                2005259.0619144007,
                2001149.6079374452,
                1944839.85604305,
                1935907.5426336117
            ]
        }
    }
}